{
  "batch_size": 1.808252582657845,
  "encoder_blocks": 2.146214822829776,
  "kernel_size": 4.2920008441280775,
  "lr": 0.0009605406395186904
}